author,author_alias,attribution_link,asset_count,map_count,mod_count,total_downloads,2026_03_11,2026_03_12,2026_03_13,2026_03_14,2026_03_15,2026_03_16,2026_03_17,2026_03_18,2026_03_19,2026_03_20,2026_03_21,2026_03_22,2026_03_23,2026_03_24,2026_03_25,2026_03_26,2026_03_27,2026_03_28,2026_03_29,2026_03_30,2026_03_31
ahkimn,Yukina-,https://github.com/ahkimn,22,21,1,2535,522,92,82,71,176,103,43,51,58,41,59,62,50,33,59,71,103,111,153,401,194
devenperez,devenperez,https://github.com/devenperez,8,8,0,2407,1278,54,56,55,84,11,21,51,38,46,62,58,40,53,62,41,39,49,44,155,110
stefanorigano,stefanorigano,https://github.com/stefanorigano,1,0,1,1549,233,42,63,55,34,41,66,34,32,47,43,40,44,33,47,39,61,65,97,142,291
Valdotorium,Valdotorium,https://github.com/Valdotorium,5,4,1,1483,0,0,0,0,2,16,35,39,34,50,49,41,46,53,61,98,131,125,150,254,299
rslurry,rslurry,https://github.com/rslurry,16,16,0,1142,103,22,15,60,76,24,36,21,22,47,67,52,44,31,30,55,61,35,61,196,84
crumpetime,crumpetime,https://github.com/crumpetime,6,5,1,1127,77,13,30,46,56,32,37,26,24,33,63,59,41,25,41,47,53,44,64,232,84
Maximilian284,Maximilian284,https://github.com/Maximilian284,18,18,0,886,57,18,7,25,20,3,0,217,16,7,17,9,8,10,13,57,35,18,31,135,183
Kronifer,Kronifer,https://github.com/Kronifer,4,4,0,855,226,20,33,28,12,4,5,6,9,1,15,14,8,4,10,25,88,63,67,159,58
DanielD1909,DanielD1909,https://github.com/DanielD1909,2,1,1,675,0,0,0,9,35,29,35,36,34,33,30,34,28,21,23,34,59,33,40,86,76
BarKuperman,BarKuperman,https://github.com/BarKuperman,3,2,1,613,151,19,38,28,15,7,18,7,13,25,25,12,13,11,15,14,19,16,16,115,36
Gio1112,Gio1112,https://github.com/Gio1112,1,0,1,553,0,0,0,0,0,9,15,14,6,19,29,25,22,32,16,31,44,50,49,69,123
ryandicicco,ryandicicco,https://github.com/ryandicicco,5,5,0,482,63,8,23,25,24,6,5,4,5,13,11,4,11,11,26,16,22,20,29,91,65
soccerjonj,soccerjonj,https://github.com/soccerjonj,6,6,0,363,64,9,8,21,5,0,0,4,7,0,12,10,11,0,1,2,8,5,9,187,0
nzh0172,nzh0172,https://github.com/nzh0172,2,1,1,342,0,0,0,0,0,0,0,0,5,15,15,9,20,15,15,18,38,34,35,60,63
TransitCore,TransitCore,https://github.com/TransitCore,1,0,1,198,0,0,0,0,0,0,0,0,2,6,4,1,10,13,24,7,20,15,14,26,56
WillBarouch,WillBarouch,https://github.com/WillBarouch,1,1,0,171,0,0,0,0,0,0,0,0,0,0,0,7,15,9,7,18,20,20,17,42,16
PSWBSF,PSWBSF,https://github.com/PSWBSF,3,3,0,47,0,0,0,0,0,0,0,0,0,0,0,0,0,0,0,0,0,7,5,9,26
metatablestudios,metatablestudios,https://github.com/metatablestudios,1,1,0,13,0,0,0,0,0,0,0,0,0,0,0,0,0,0,0,0,0,0,0,0,13
Bobby-047,Bobby-047,https://github.com/Bobby-047,1,0,1,0,0,0,0,0,0,0,0,0,0,0,0,0,0,0,0,0,0,0,0,0,0
