listing_type,id,name,project_key,project_name
map,yukina-fukuoka,福岡 (Fukuoka),ahkimn/subwaybuilder-jp-maps,subwaybuilder-jp-maps
map,yukina-hakodate,函館 (Hakodate),ahkimn/subwaybuilder-jp-maps,subwaybuilder-jp-maps
map,yukina-hiroshima-kure,広島 (Hiroshima),ahkimn/subwaybuilder-jp-maps,subwaybuilder-jp-maps
map,yukina-kagoshima-kirishima,鹿児島 (Kagoshima),ahkimn/subwaybuilder-jp-maps,subwaybuilder-jp-maps
map,yukina-kitakyushu-shimonoseki,北九州 (Kitakyūshū),ahkimn/subwaybuilder-jp-maps,subwaybuilder-jp-maps
map,yukina-kobe-akashi,神戸 (Kōbe),ahkimn/subwaybuilder-jp-maps,subwaybuilder-jp-maps
map,yukina-kochi,高知 (Kōchi),ahkimn/subwaybuilder-jp-maps,subwaybuilder-jp-maps
map,yukina-kyoto,京都 (Kyōto),ahkimn/subwaybuilder-jp-maps,subwaybuilder-jp-maps
map,yukina-matsuyama,松山 (Matsuyama),ahkimn/subwaybuilder-jp-maps,subwaybuilder-jp-maps
map,yukina-nagasaki,長崎 (Nagasaki),ahkimn/subwaybuilder-jp-maps,subwaybuilder-jp-maps
map,yukina-nagoya,名古屋 (Nagoya),ahkimn/subwaybuilder-jp-maps,subwaybuilder-jp-maps
map,yukina-nakaumi,中海 (Nakaumi),ahkimn/subwaybuilder-jp-maps,subwaybuilder-jp-maps
map,yukina-niigata,新潟 (Niigata),ahkimn/subwaybuilder-jp-maps,subwaybuilder-jp-maps
map,yukina-okayama,岡山 (Okayama),ahkimn/subwaybuilder-jp-maps,subwaybuilder-jp-maps
map,yukina-okinawa,沖縄 (Okinawa),ahkimn/subwaybuilder-jp-maps,subwaybuilder-jp-maps
map,yukina-osaka,大阪 (Ōsaka),ahkimn/subwaybuilder-jp-maps,subwaybuilder-jp-maps
map,yukina-sapporo-chitose,札幌 (Sapporo),ahkimn/subwaybuilder-jp-maps,subwaybuilder-jp-maps
map,yukina-sendai,仙台 (Sendai),ahkimn/subwaybuilder-jp-maps,subwaybuilder-jp-maps
map,yukina-takamatsu,高松 (Takamatsu),ahkimn/subwaybuilder-jp-maps,subwaybuilder-jp-maps
map,yukina-toyama,富山 (Toyama),ahkimn/subwaybuilder-jp-maps,subwaybuilder-jp-maps
map,yukina-yamagata,山形 (Yamagata),ahkimn/subwaybuilder-jp-maps,subwaybuilder-jp-maps
mod,subwaybuilder-regions,Regions,ahkimn/subwaybuilder-regions,subwaybuilder-regions
map,jerusalem,Jerusalem,barkuperman/jerusalem-sb-map,jerusalem-sb-map
map,tel-aviv,Tel Aviv,barkuperman/tlv-mod,TLV-mod
mod,transit-overlay,Transit Overlay,barkuperman/transit-overlay-subway-builder-mod,transit-overlay-subway-builder-mod
map,mfn-hong-kong,Hong Kong,crumpetime/sb-maps-hkg,sb-maps-hkg
map,mfn-lasvegas,Las Vegas,crumpetime/sb-maps-las,sb-maps-las
map,mfn-madisonwi,Madison,crumpetime/sb-maps-msn,sb-maps-msn
map,mfn-hamptonroads,Norfolk,crumpetime/sb-maps-orf,sb-maps-orf
map,mfn-northwestar,Northwest Arkansas,crumpetime/sb-maps-xna,sb-maps-xna
mod,distance-circles,Station Catchment Viewer,crumpetime/subway_builder_distance_circles,subway_builder_distance_circles
mod,danield1909-dantrains,"danTrains (v1.* ""Phoenix"")",danield1909/dantrains,danTrains
map,greatertwincities,Greater Twin Cities,danield1909/improvedtwincities,improvedTwinCities
map,calgary,Calgary,devenperez/subway-builder-canadian-maps,subway-builder-canadian-maps
map,edmonton,Edmonton,devenperez/subway-builder-canadian-maps,subway-builder-canadian-maps
map,montreal,Montreal,devenperez/subway-builder-canadian-maps,subway-builder-canadian-maps
map,ottawa,Ottawa,devenperez/subway-builder-canadian-maps,subway-builder-canadian-maps
map,quebec-city,Quebec City,devenperez/subway-builder-canadian-maps,subway-builder-canadian-maps
map,toronto,Toronto,devenperez/subway-builder-canadian-maps,subway-builder-canadian-maps
map,vancouver,Vancouver,devenperez/subway-builder-canadian-maps,subway-builder-canadian-maps
map,winnipeg,Winnipeg,devenperez/subway-builder-canadian-maps,subway-builder-canadian-maps
mod,citymapper,Citymapper,gio1112/subway-builder-citymapper,subway-builder-citymapper
map,dublin,Dublin,kronifer/sb-dublin-map,sb-dublin-map
map,glasgow-edinburgh,Glasgow-Edinburgh,kronifer/sb-glasgow-edinburgh-map,sb-glasgow-edinburgh-map
map,waterloo,Region of Waterloo,kronifer/sb-waterloo-map,sb-waterloo-map
map,zurich,Zurich,kronifer/sb-zurich-map,sb-zurich-map
map,bari,Bari,maximilian284/subwaybuilder-it-maps,subwaybuilder-it-maps
map,bologna,Bologna,maximilian284/subwaybuilder-it-maps,subwaybuilder-it-maps
map,catania,Catania,maximilian284/subwaybuilder-it-maps,subwaybuilder-it-maps
map,florence,Florence,maximilian284/subwaybuilder-it-maps,subwaybuilder-it-maps
map,garda-lake,Garda Lake,maximilian284/subwaybuilder-it-maps,subwaybuilder-it-maps
map,genoa,Genoa,maximilian284/subwaybuilder-it-maps,subwaybuilder-it-maps
map,milan,Milan,maximilian284/subwaybuilder-it-maps,subwaybuilder-it-maps
map,naples,Naples,maximilian284/subwaybuilder-it-maps,subwaybuilder-it-maps
map,palermo,Palermo,maximilian284/subwaybuilder-it-maps,subwaybuilder-it-maps
map,pianura-emiliana,Pianura Emiliana,maximilian284/subwaybuilder-it-maps,subwaybuilder-it-maps
map,pianura-veneta,Pianura Veneta,maximilian284/subwaybuilder-it-maps,subwaybuilder-it-maps
map,riviera-romagnola,Riviera Romagnola,maximilian284/subwaybuilder-it-maps,subwaybuilder-it-maps
map,rome,Rome,maximilian284/subwaybuilder-it-maps,subwaybuilder-it-maps
map,turin,Turin,maximilian284/subwaybuilder-it-maps,subwaybuilder-it-maps
mod,any-money,anyMoney,nzh0172/sb-anymoney,sb-anymoney
map,greater-kuala-lumpur,Greater Kuala Lumpur,nzh0172/sb-malaysia-map-pack,sb-malaysia-map-pack
map,piedmont-triad,Piedmont Triad,pswbsf/piedmont-triad,piedmont-triad
map,wilmington-nc,"Wilmington, NC",pswbsf/wilmington-nc,wilmington-nc
map,baltimore-dc-corridor,Baltimore-DC Corridor,rslurry/subwaybuilder-maps,subwaybuilder-maps
map,greater-baltimore,Greater Baltimore,rslurry/subwaybuilder-maps,subwaybuilder-maps
map,greater-los-angeles,Greater Los Angeles,rslurry/subwaybuilder-maps,subwaybuilder-maps
map,jacksonville,Jacksonville,rslurry/subwaybuilder-maps,subwaybuilder-maps
map,knoxville,Knoxville,rslurry/subwaybuilder-maps,subwaybuilder-maps
map,los-angeles-county,Los Angeles County,rslurry/subwaybuilder-maps,subwaybuilder-maps
map,memphis,Memphis,rslurry/subwaybuilder-maps,subwaybuilder-maps
map,orange-county,Orange County,rslurry/subwaybuilder-maps,subwaybuilder-maps
map,orlando,Orlando,rslurry/subwaybuilder-maps,subwaybuilder-maps
map,puerto-rico,Puerto Rico,rslurry/subwaybuilder-maps,subwaybuilder-maps
map,richmond,Richmond,rslurry/subwaybuilder-maps,subwaybuilder-maps
map,rochester,Rochester,rslurry/subwaybuilder-maps,subwaybuilder-maps
map,san-antonio,San Antonio,rslurry/subwaybuilder-maps,subwaybuilder-maps
map,san-juan,San Juan,rslurry/subwaybuilder-maps,subwaybuilder-maps
map,santa-barbara,Santa Barbara,rslurry/subwaybuilder-maps,subwaybuilder-maps
map,tampa-bay,Tampa Bay,rslurry/subwaybuilder-maps,subwaybuilder-maps
map,amsterdam,Amsterdam,ryandicicco/subway-builder-maps,Subway-Builder-Maps
map,cairo,Cairo,ryandicicco/subway-builder-maps,Subway-Builder-Maps
map,rotterdam-the-hague,Rotterdam-The Hague,ryandicicco/subway-builder-maps,Subway-Builder-Maps
map,spokane,Spokane,ryandicicco/subway-builder-maps,Subway-Builder-Maps
map,albany,Albany,soccerjonj/albany,Albany
map,colorado-ski-country,Colorado Ski Country,soccerjonj/colorado-ski-country,Colorado-Ski-Country
map,louisville,Louisville,soccerjonj/louisville,Louisville
map,nashville,Nashville,soccerjonj/nashville,Nashville
map,providence,Providence,soccerjonj/providence,Providence
map,sacramento,Sacramento,soccerjonj/sacramento,Sacramento
mod,advanced-analytics,Advanced Analytics,stefanorigano/advanced_analytics,advanced_analytics
mod,cinematic-camera,Cinematic Camera,transitcore/cinematic-camera,cinematic-camera
map,berlin-val,Berlin,valdotorium/railyard-maps-2,Railyard-Maps-2
map,singapore-val,Singapore,valdotorium/railyard-maps-2,Railyard-Maps-2
map,trondheim-val,Trondheim,valdotorium/railyard-maps-2,Railyard-Maps-2
map,warsaw-val,Warsaw,valdotorium/railyard-maps-2,Railyard-Maps-2
mod,valdotoriums-trains,Valdotoriums S-Bahn and Trams,valdotorium/valdotoriums_trains,Valdotoriums_Trains
map,sydney,Sydney,willbarouch/subwaybuilder-sydney,subwaybuilder-sydney
